quality,strip width,act weigth,slab width,entry weigth,widthRM-aver,crown-aver,T-aver-RMexit,T-dev-RMexit,T-FMexit,cast speed-aver,cast speed-max(m/s),cast speed-min,pressure-exit-aver,pressure-exit-max,pressure-exit-min,T-R1EN,T-IHEN,T-IHEX
ok,1257.1,18.365,1275,18.612,1268,0.005,985,3,850,5.82,0.097,0.097,38102.4,38819.444,37309.028,983,931,1148
ok,1256.9,18.34,1275,18.612,1268,0.004,984,3,850,5.82,0.097,0.097,38059.164,38836.804,37430.556,979,932,1148
ok,1256.4,18.405,1275,18.612,1268,0.004,984,2,850,5.82,0.097,0.097,38105.304,38906.248,37413.192,979,931,1148
ok,1256.4,18.34,1275,18.612,1268,0.004,984,2,850,5.82,0.097,0.097,38108.192,38923.608,37482.64,979,931,1148
ok,1270.8,16.38,1290,16.544,1284,-0.007,988,2,850,5.82,0.097,0.096,38121.644,38923.608,37413.192,973,929,1151
ok,1270.7,16.325,1290,16.544,1284,-0.007,989,3,850,5.82,0.097,0.096,38138.2,39149.304,37326.388,975,928,1152
ok,1271.1,16.37,1290,16.544,1284,-0.006,984,4,850,5.82,0.097,0.096,38232.172,39062.5,37222.22,967,926,1152
ok,1272.6,16.375,1290,16.544,1285,-0.005,970,5,850,5.82,0.097,0.097,38200.736,39149.304,37256.944,948,919,1150
ok,1272.7,16.415,1290,16.544,1285,-0.004,968,4,850,5.82,0.097,0.097,38163.428,39045.14,37222.22,948,917,1149
ok,1272.7,20.45,1290,20.68,1285,-0.006,972,6,850,5.82,0.097,0.097,38131.54,39097.22,37343.752,953,918,1149
ok,1267.9,20.415,1290,20.68,1285,-0.029,985,3,850,5.82,0.097,0.097,38140.992,38975.692,37395.832,969,927,1149
ok,1271.3,16.32,1290,16.544,1284,-0.006,992,2,850,5.82,0.097,0.097,38133.416,38888.888,37395.832,981,932,1152
ok,1271.8,16.365,1290,16.544,1285,-0.005,992,2,850,5.82,0.097,0.097,38152.492,38836.804,37430.556,981,932,1152
ok,1272.1,16.34,1290,16.544,1285,-0.005,991,2,850,5.82,0.097,0.097,38147.416,38888.888,37482.64,980,932,1152
ok,1272.6,16.36,1290,16.544,1285,-0.004,991,2,850,5.82,0.097,0.097,38121.46,38906.248,37309.028,980,931,1152
ok,1270,18.375,1290,18.612,1283,-0.004,988,2,850,5.82,0.097,0.097,38130.308,38888.888,37361.108,974,927,1152
ok,1270.5,18.29,1290,18.612,1283,-0.004,988,2,850,5.82,0.097,0.097,38144.084,38750,37413.192,974,928,1152
ok,1270.2,18.345,1290,18.612,1283,-0.005,990,2,850,5.82,0.097,0.097,38130.94,38836.804,37430.556,978,929,1152
bad,1270.3,18.36,1290,18.612,1283,-0.005,990,2,850,5.82,0.097,0.097,38124.748,38697.916,37604.164,978,929,1152
ok,1270,18.375,1290,18.612,1283,-0.006,990,2,850,5.82,0.097,0.097,38125.196,38645.832,37673.608,977,929,1152
ok,1270.1,18.38,1290,18.612,1283,-0.006,990,2,850,5.82,0.097,0.097,38137.952,38697.916,37534.72,979,929,1152
bad,1270.3,18.395,1290,18.612,1283,-0.007,990,2,850,5.82,0.097,0.097,38135.356,38836.804,37447.916,978,928,1152
bad,1269.6,18.39,1290,18.612,1282,-0.006,990,2,850,5.82,0.097,0.097,38173.436,39131.944,37152.776,980,929,1151
ok,1271.4,18.375,1290,18.612,1283,-0.004,990,2,850,5.82,0.097,0.097,38133.576,39062.5,37256.944,979,929,1152
bad,1271,18.4,1290,18.612,1283,-0.002,991,2,850,5.82,0.097,0.097,38143.196,39010.416,37413.192,983,928,1152
bad,1270.8,18.39,1290,18.612,1283,0,992,2,850,5.82,0.097,0.097,38120.836,38750,37447.916,983,929,1152
ok,1270.9,18.39,1290,18.612,1283,0.002,991,3,850,5.82,0.097,0.097,38143.612,38697.916,37690.968,982,929,1151
ok,1270.6,18.38,1290,18.612,1282,0.004,991,2,850,5.82,0.097,0.097,38137.364,38732.64,37500,981,929,1150
ok,1270.4,18.375,1290,18.612,1282,0.006,991,2,850,5.82,0.097,0.097,38136.948,38732.64,37500,982,929,1152
ok,1271.6,18.37,1290,18.612,1283,0.008,992,2,850,5.82,0.097,0.097,38154.604,38784.72,37500,983,931,1153
ok,1273.5,20.41,1290,20.68,1284,0.01,992,2,850,5.82,0.097,0.097,38112.112,38697.916,37569.444,985,929,1153
ok,1273,20.395,1290,20.68,1284,0.008,991,2,850,5.82,0.097,0.097,38158.132,38819.444,37621.528,985,930,1151
ok,1273.1,16.31,1290,16.544,1284,0.007,991,2,850,5.82,0.097,0.097,38141.668,38732.64,37430.556,986,931,1152
ok,1273.2,16.35,1290,16.544,1284,0.007,990,2,850,5.82,0.097,0.097,38136.944,38784.72,37413.192,983,930,1152
ok,1273.5,16.32,1290,16.544,1285,0.009,990,2,850,5.82,0.097,0.097,38167.28,38993.056,37395.832,984,930,1151
ok,1274.2,20.41,1290,20.68,1285,0.01,990,2,850,5.82,0.097,0.096,38150.188,38888.888,37395.832,985,928,1152
ok,1273.9,20.435,1290,20.68,1286,0.007,990,2,850,5.82,0.097,0.096,38139.9,38836.804,37517.36,984,931,1150
ok,1274.7,16.225,1290,16.544,1285,0.011,988,2,850,5.82,0.097,0.096,38145.28,38732.64,37604.164,982,929,1149
ok,1274.3,16.345,1290,16.544,1285,0.01,985,2,850,5.82,0.097,0.096,38162.568,39045.14,37361.108,978,929,1150
ok,1274.1,16.345,1290,16.544,1285,0.009,984,3,850,5.82,0.097,0.097,38166.204,38923.608,37413.192,977,927,1149
ok,1273.8,16.35,1290,16.544,1285,0.009,982,2,850,5.82,0.097,0.097,38172.832,38923.608,37430.556,973,925,1148
ok,1273,16.335,1290,16.544,1285,0.008,981,2,850,5.82,0.097,0.097,38119.308,38871.528,37361.108,973,924,1147
bad,1270.8,16.37,1290,16.544,1285,0.008,980,2,850,5.82,0.097,0.097,38130.468,38628.468,37621.528,970,923,1148
bad,1272.9,16.36,1290,16.544,1286,0.007,978,3,850,5.82,0.097,0.097,38127.776,38628.468,37673.608,969,922,1148
bad,1272.3,18.39,1290,18.612,1286,0.006,978,3,850,5.82,0.097,0.097,38129.604,38732.64,37534.72,967,922,1148
bad,1271.8,20.41,1290,20.68,1286,0.006,978,3,850,5.82,0.097,0.097,38161.28,38888.888,37361.108,966,922,1147
ok,1271.5,20.43,1290,20.68,1286,0.005,978,3,850,5.82,0.097,0.097,38112.204,38802.08,37413.192,966,922,1148
bad,1271.8,20.475,1290,20.68,1286,0.006,976,3,850,5.82,0.097,0.097,38129.212,38871.528,37343.752,964,922,1147
ok,1271.8,20.41,1290,20.68,1286,0.006,976,3,850,5.82,0.097,0.097,38132.636,38784.72,37274.304,963,921,1147
ok,1272.7,20.46,1290,20.68,1286,0.009,979,3,850,5.82,0.097,0.096,38124.716,38715.276,37534.72,968,921,1147
ok,1272.8,16.38,1290,16.544,1287,0.007,978,3,850,5.82,0.097,0.096,38101.584,38975.692,37326.388,969,920,1147
bad,1258.1,16.365,1275,16.544,1271,0.001,988,2,850,5.82,0.097,0.097,38062.996,39079.86,37083.332,974,925,1142
bad,1257.5,16.35,1275,16.544,1271,0.001,987,3,850,5.82,0.097,0.097,37990.1,39045.14,37187.5,971,924,1141
ok,1256.6,16.375,1275,16.544,1270,0.002,986,4,850,5.82,0.097,0.097,38015.052,38697.916,37447.916,972,923,1142
ok,1256.7,16.305,1275,16.544,1270,0.007,990,4,850,5.82,0.097,0.097,38040.476,38628.468,37430.556,979,925,1145
ok,1256.6,16.345,1275,16.544,1271,0.004,988,3,850,5.82,0.097,0.097,38061.268,38819.444,37395.832,979,926,1145
bad,1256.3,16.335,1275,16.544,1271,0.004,991,3,850,5.82,0.097,0.097,38062.236,38802.08,37482.64,984,928,1144
ok,1255.8,22.44,1275,22.748,1270,0.007,987,2,850,5.82,0.097,0.097,38070.052,38784.72,37447.916,977,924,1140
ok,1255.4,20.43,1275,20.68,1270,0.009,985,3,850,5.82,0.097,0.097,38052.524,38697.916,37413.192,975,924,1141
ok,1256.2,16.365,1275,16.544,1270,0.01,983,3,850,5.82,0.097,0.097,38058.076,38645.832,37500,974,923,1142
ok,1256.6,16.345,1275,16.544,1271,0.011,986,3,850,5.82,0.097,0.097,38092.104,38645.832,37430.556,978,923,1142
ok,1255.6,16.36,1275,16.544,1270,0.011,988,3,850,5.82,0.097,0.097,38084.236,38836.804,37343.752,979,924,1142
ok,1255.6,16.36,1275,16.544,1271,0.011,988,3,850,5.82,0.097,0.097,38129.508,38993.056,37187.5,980,925,1142
ok,1256.6,16.35,1275,16.544,1272,0.012,981,5,850,5.82,0.097,0.097,38099.208,38819.444,37274.304,973,922,1142
ok,1256.3,16.35,1275,16.544,1271,0.012,986,3,850,5.82,0.097,0.097,38116.428,38923.608,37274.304,982,922,1142
ok,1256,16.355,1275,16.544,1271,0.012,989,3,850,5.82,0.097,0.097,38114.6,38645.832,37569.444,982,925,1143
ok,1255.9,16.35,1275,16.544,1271,0.012,989,3,850,5.82,0.097,0.097,38046.9,38576.388,37500,983,925,1143
ok,1255.8,16.34,1275,16.544,1271,0.012,990,3,850,5.82,0.097,0.097,38084.84,38576.388,37586.804,981,924,1142
ok,1256.4,16.375,1275,16.544,1271,0.012,987,3,850,5.82,0.097,0.097,38078.74,38628.468,37569.444,965,921,1142
ok,1257.1,16.36,1275,16.544,1272,0.013,986,3,850,5.82,0.097,0.096,38050.428,38559.028,37569.444,965,920,1141
ok,1257.7,16.345,1275,16.544,1272,0.013,986,3,850,5.82,0.097,0.097,38100.704,38645.832,37656.248,962,920,1141
ok,1256.7,16.335,1275,16.544,1273,0.014,986,3,850,5.82,0.097,0.097,38065.252,38697.916,37586.804,955,921,1142
ok,1258.2,16.325,1275,16.544,1274,0.014,987,3,850,5.82,0.097,0.097,38097.308,38732.64,37517.36,962,923,1142
ok,1258.7,16.37,1275,16.544,1274,0.015,986,4,850,5.82,0.097,0.097,38095.632,38663.192,37500,963,924,1143
bad,1258.3,20.415,1275,20.68,1274,0.014,985,3,850,5.82,0.097,0.097,38133.436,38732.64,37500,965,923,1144
ok,1258.7,16.335,1275,16.544,1275,0.015,986,5,850,5.82,0.097,0.097,38110.228,38715.276,37413.192,959,925,1144
ok,1258.7,16.33,1275,16.544,1274,0.014,988,3,850,5.82,0.097,0.097,38074.044,38645.832,37500,965,927,1143
ok,1259,16.36,1275,16.544,1274,0.015,988,3,850,5.82,0.097,0.097,38086.696,38784.72,37343.752,965,926,1142
ok,1259.3,16.295,1275,16.544,1274,0.016,988,4,850,5.76,0.097,0.095,38080.22,38750,37447.916,965,925,1142
ok,1259.3,16.34,1275,16.544,1274,0.017,988,3,850,5.7,0.095,0.094,38092.928,38906.248,37430.556,969,925,1141
ok,1260.1,16.35,1275,16.544,1274,0.018,985,4,850,5.58,0.094,0.093,38073.872,38628.468,37517.36,969,921,1141
bad,1255.8,21.44,1275,21.714,1267,0.006,986,2,850,5.82,0.097,0.096,38066.48,38732.64,37500,990,923,1153
bad,1256.2,18.395,1275,18.612,1268,0.008,985,3,850,5.82,0.097,0.097,38061.736,39079.86,37135.416,991,923,1152
ok,1256.3,18.31,1275,18.612,1267,0.01,986,3,850,5.82,0.097,0.096,38096.784,39079.86,37135.416,991,924,1152
ok,1257,18.31,1275,18.612,1268,0.014,990,3,850,5.82,0.097,0.097,38086.228,38958.332,37135.416,993,924,1154
ok,1256.1,18.36,1275,18.612,1269,0.001,991,3,850,5.82,0.097,0.097,38048.808,38975.692,37222.22,998,928,1149
ok,1256.1,22.435,1275,22.748,1268,0.002,995,3,850,5.82,0.097,0.097,38058.74,38836.804,37361.108,1000,930,1153
ok,1256.2,22.42,1275,22.748,1268,0.003,996,3,850,5.82,0.097,0.097,38073.8,38750,37309.028,1002,930,1153
ok,1256,22.38,1275,22.748,1268,0.004,995,2,850,5.82,0.097,0.097,38031.892,38697.916,37447.916,1002,929,1152
ok,1255.6,22.375,1275,22.748,1268,0.005,996,2,850,5.82,0.097,0.097,38040.256,38802.08,37413.192,1003,930,1152
ok,1253.9,22.42,1275,22.748,1268,0.005,997,2,850,5.82,0.097,0.097,38075.572,39045.14,37239.58,1005,930,1152
ok,1251.9,22.395,1275,22.748,1268,0.005,996,2,850,5.82,0.097,0.097,38078.956,39166.664,37152.776,1004,929,1152
ok,1251.1,22.4,1275,22.748,1268,0.006,997,2,850,5.82,0.097,0.096,38103.664,39131.944,37135.416,1005,930,1153
ok,1251.6,22.45,1275,22.748,1268,0.008,996,3,850,5.82,0.097,0.096,38054.848,38975.692,37152.776,1004,929,1153
ok,1252.8,22.415,1275,22.748,1268,0.01,996,2,850,5.82,0.097,0.097,38062.972,38993.056,37187.5,1004,929,1153
bad,1253.9,22.39,1275,22.748,1269,0.012,997,2,850,5.82,0.097,0.097,38068.6,38923.608,37309.028,1004,929,1153
ok,1254.2,18.37,1275,18.612,1269,0.013,997,2,850,5.82,0.097,0.097,38055.748,38802.08,37361.108,1006,929,1153
ok,1255,18.315,1275,18.612,1269,0.015,995,2,850,5.82,0.097,0.097,38068.02,38715.276,37482.64,1005,927,1159
ok,1254,18.355,1275,18.612,1269,0.014,994,3,850,5.82,0.097,0.097,38057.748,38750,37500,1005,929,1160
ok,1254.7,22.42,1275,22.748,1270,0.014,995,3,850,5.82,0.097,0.097,38072.3,38802.08,37326.388,1004,928,1161
ok,1255.2,22.395,1275,22.748,1270,0.016,994,3,850,5.82,0.097,0.097,38087.068,38958.332,37170.14,1005,928,1161
ok,1255,22.41,1275,22.748,1270,0.015,994,2,850,5.82,0.097,0.097,38092.82,38975.692,37152.776,1006,929,1154
ok,1254.9,22.41,1275,22.748,1270,0.016,995,3,850,5.82,0.097,0.097,38090.648,39062.5,37222.22,1006,930,1155
ok,1255,20.33,1275,20.68,1271,0.017,995,2,850,5.82,0.097,0.097,38109.472,38871.528,37309.028,1005,929,1154
ok,1256.4,20.39,1275,20.68,1271,0.021,993,2,850,5.82,0.097,0.096,38080.892,38819.444,37343.752,1003,929,1154
ok,1256.1,22.44,1275,22.748,1271,0.02,993,3,850,5.82,0.097,0.096,38071.36,38906.248,37361.108,1004,929,1152
ok,1256.9,22.425,1275,22.748,1271,0.021,990,3,850,5.82,0.097,0.097,38089.672,38819.444,37430.556,1002,925,1143
ok,1256.1,22.43,1275,22.748,1271,0.019,990,3,850,5.82,0.097,0.097,38084.096,38871.528,37326.388,1002,925,1151
ok,1255.5,22.455,1275,22.748,1271,0.018,988,3,850,5.82,0.097,0.097,38120.28,38888.888,37395.832,999,924,1150
ok,1255.9,22.32,1275,22.748,1271,0.02,988,3,850,5.82,0.097,0.097,38113.636,38906.248,37309.028,999,923,1150
ok,1256.2,22.465,1275,22.748,1271,0.021,989,2,850,5.82,0.097,0.097,38097.384,38750,37326.388,999,923,1149
ok,1256.5,20.43,1275,20.68,1271,0.022,988,3,850,5.82,0.097,0.097,38085.564,38576.388,37586.804,996,923,1149
ok,1256.4,20.445,1275,20.68,1271,0.024,988,2,850,5.82,0.097,0.097,38105.896,38819.444,37447.916,996,923,1148
ok,1256.8,18.385,1275,18.612,1271,0.024,988,3,850,5.82,0.097,0.097,38083.164,38975.692,37222.22,996,923,1148
ok,1256.9,21.435,1275,21.714,1271,0.024,988,3,850,5.82,0.097,0.097,38108.78,39079.86,37187.5,996,924,1147
ok,1256.8,21.425,1275,21.714,1271,0.026,989,2,850,5.82,0.097,0.097,38077.596,38888.888,37395.832,997,924,1154
ok,1260.2,16.44,1275,16.544,1274,0.021,966,3,850,5.7,0.095,0.095,38008.396,38958.332,37065.968,0,896,0
ok,1260.1,20.52,1275,20.68,1273,0.022,965,3,850,5.7,0.095,0.095,38018.272,38958.332,36979.164,0,894,0
ok,1261.6,15.42,1275,15.51,1274,0.022,965,4,850,5.7,0.095,0.095,38025.652,38975.692,37187.5,0,898,0
ok,1261.3,15.36,1275,15.51,1274,0.021,964,4,850,5.7,0.095,0.095,38004.988,38819.444,37135.416,0,897,0
ok,1261.8,15.39,1275,15.51,1274,0.022,963,4,850,5.7,0.095,0.095,37982.644,38975.692,36927.08,0,899,0
ok,1261.2,15.4,1275,15.51,1274,0.022,962,4,850,5.7,0.095,0.095,38061.624,39062.5,36875,0,897,0
ok,1261.3,18.46,1275,18.612,1274,0.022,964,3,850,5.7,0.095,0.095,38002.564,39184.028,36822.916,0,897,0
ok,1261.5,18.47,1275,18.612,1274,0.023,962,4,850,5.7,0.095,0.095,38011.888,39131.944,36961.804,0,895,0
ok,1260.9,22.53,1275,22.748,1274,0.024,960,4,850,5.7,0.095,0.095,37989.048,39097.22,37048.608,0,894,0
ok,1260.5,18.505,1275,18.612,1273,0.021,966,4,850,5.7,0.095,0.095,37998.868,39131.944,36875,0,897,0
ok,1274.5,16.39,1290,16.544,1288,0.007,976,2,850,5.7,0.095,0.095,38034.928,39010.416,37083.332,0,905,0
ok,1274.5,21.3,1290,21.714,1288,0.007,976,3,850,5.7,0.095,0.095,38080.976,38888.888,37187.5,0,906,0
ok,1275,22.48,1290,22.748,1288,0.01,978,3,850,5.7,0.095,0.095,38107.592,39253.468,36822.916,0,907,0
ok,1275.7,21.265,1290,21.714,1288,0.011,978,2,850,5.58,0.093,0.093,38103.868,39149.304,36979.164,0,906,0
bad,1275.4,18.45,1290,18.612,1288,0.011,979,2,850,5.58,0.093,0.093,38096.352,39079.86,36909.72,0,906,0
ok,1276,22.52,1290,22.748,1288,0.011,979,3,850,5.58,0.093,0.093,38060.78,39045.14,36996.528,0,906,0
ok,1275.9,22.53,1290,22.748,1288,0.01,978,2,850,5.58,0.093,0.093,38082.236,39131.944,36979.164,0,905,0
ok,1276.7,20.45,1290,20.68,1288,0.013,978,2,850,5.58,0.093,0.093,38085.932,39079.86,37100.692,0,905,0
ok,1277.1,16.355,1290,16.544,1289,0.014,979,2,850,5.58,0.093,0.093,38115.824,39236.108,37065.968,0,904,0
ok,1276.8,20.515,1290,20.68,1288,0.017,978,2,850,5.58,0.093,0.093,38096.428,39079.86,37170.14,0,905,0
ok,1278,20.46,1290,20.68,1287,0.02,975,2,850,5.58,0.093,0.093,38095.412,39097.22,36927.08,0,903,0
ok,1275.7,16.47,1290,16.544,1288,0.014,973,3,850,5.58,0.093,0.093,38125.216,39322.916,36753.468,0,902,0
ok,1276.7,21.27,1290,21.733,1287,0.017,970,2,850,5.58,0.093,0.093,38133.668,39444.444,36718.752,0,899,0
ok,1276.8,18.44,1290,18.612,1287,0.008,965,4,850,5.7,0.095,0.095,32496.8,33055.554,32065.97,0,899,0
ok,1277.6,18.39,1290,18.612,1287,0.01,964,3,850,5.7,0.095,0.095,32516.344,32986.108,32065.97,0,899,0
ok,1277.4,18.435,1290,18.612,1288,0.007,969,3,850,5.7,0.095,0.095,32472.356,32916.666,32031.25,0,901,0
ok,1277.8,20.47,1290,20.68,1288,0.009,969,3,850,5.7,0.095,0.095,32482.1,32968.75,31961.804,0,902,0
ok,1278,16.435,1290,16.544,1288,0.013,967,2,850,5.7,0.095,0.095,32448.58,32899.304,32013.888,0,901,0
ok,1278.2,16.31,1290,16.544,1288,0.014,966,2,850,5.7,0.095,0.095,32453.804,32899.304,32031.25,0,899,0
ok,1276.3,16.42,1290,16.544,1288,0.009,964,2,850,5.7,0.095,0.095,38173.416,39062.5,37413.192,0,898,0
ok,1275.7,21.24,1290,21.617,1287,0.007,965,3,850,5.7,0.095,0.095,32404.29,32795.138,31979.166,0,899,0
ok,1276.5,16.37,1290,16.544,1288,0.009,964,2,850,5.7,0.095,0.095,38154.532,38732.64,37604.164,0,897,0
ok,1276,22.5,1290,22.748,1288,0.014,957,3,850,5.7,0.095,0.095,38159.112,39062.5,37326.388,0,896,0
ok,1276.2,20.48,1290,20.68,1288,0.009,966,3,850,5.7,0.095,0.095,32406.654,34375,32048.608,0,899,0
ok,1277.3,18.425,1290,18.612,1288,0.018,968,3,850,5.7,0.095,0.095,32340.584,32986.108,31961.804,0,899,0
ok,1277.7,20.49,1290,20.68,1288,0.02,955,4,850,5.7,0.095,0.095,38128.688,38888.888,37395.832,0,894,0
ok,1277.3,16.43,1290,16.544,1288,0.02,956,3,850,5.7,0.095,0.095,38134.88,38906.248,37343.752,0,896,0
ok,1277.2,20.465,1290,20.68,1288,0.017,966,3,850,5.7,0.095,0.095,32024.88,38090.276,27500,0,899,0
ok,1276.2,20.47,1290,20.68,1289,0.017,965,3,850,5.7,0.095,0.095,30459.316,32378.47,24809.028,0,898,0
ok,1276,18.415,1290,18.612,1289,0.015,964,3,850,5.7,0.095,0.094,25065.014,28420.138,24496.528,0,898,0
ok,1274.5,18.445,1290,18.612,1288,0.014,966,3,850,5.64,0.095,0.094,27772.612,39947.916,503.472,0,899,0
ok,1275.6,18.44,1290,18.612,1288,0.01,966,2,850,5.7,0.095,0.095,38164.812,38975.692,37447.916,0,897,0
ok,1275.9,18.43,1290,18.612,1288,0.009,967,3,850,5.7,0.095,0.094,38178.428,38993.056,37482.64,0,897,0
ok,1276.4,18.42,1290,18.612,1288,0.009,966,4,850,5.7,0.095,0.094,38165.424,39010.416,37326.388,0,898,0
bad,1276.3,18.4,1290,18.612,1288,0.008,967,3,850,5.7,0.095,0.095,38147.368,38923.608,37447.916,0,899,0
ok,1276.3,16.305,1290,16.544,1288,0.008,964,3,850,5.7,0.095,0.095,38150.16,39184.028,37170.14,0,896,0
ok,1276.8,20.47,1290,20.68,1288,0.013,961,3,850,5.7,0.095,0.095,38162.444,39253.468,37013.888,0,897,0
ok,1275.5,21.23,1290,21.714,1288,0.012,960,3,850,5.7,0.095,0.095,38132.028,38906.248,37361.108,0,896,0
ok,1275.5,18.46,1290,18.612,1288,0.013,959,3,850,5.7,0.095,0.095,38123.96,38871.528,37430.556,0,893,0
ok,1276.2,21.205,1290,21.714,1288,0.016,956,4,850,5.7,0.095,0.095,38130.536,38715.276,37447.916,0,894,0
ok,1277.4,16.445,1290,16.544,1287,0.023,956,4,850,5.7,0.095,0.095,38187.184,39184.028,37326.388,0,896,0
ok,1275.9,21.305,1290,21.714,1286,0.026,957,3,850,5.7,0.095,0.095,38198.02,38923.608,37309.028,0,897,0
ok,1259.7,20.415,1275,20.68,1270,0.023,970,2,850,5.7,0.095,0.095,33089.128,38923.608,30052.082,0,892,0
bad,1258.6,20.455,1275,20.68,1271,0.015,963,2,850,5.7,0.095,0.095,38107.992,39218.752,36961.804,0,892,0
ok,1260.6,20.44,1275,20.68,1272,0.019,961,3,850,5.64,0.094,0.093,38091.204,38906.248,37152.776,0,887,0
bad,1258.9,20.43,1275,20.68,1273,0.015,960,3,850,5.64,0.094,0.093,38102.944,39097.22,36996.528,0,897,0
bad,1258.6,20.45,1275,20.68,1273,0.016,960,3,850,5.64,0.094,0.094,38092.284,39166.664,37048.608,0,897,0
bad,1258.9,20.505,1275,20.68,1273,0.015,962,3,850,5.64,0.094,0.093,38120.204,39166.664,37152.776,0,898,0
ok,1259,20.44,1275,20.68,1273,0.015,962,2,850,5.64,0.094,0.094,38107.808,39184.028,37135.416,0,898,0
ok,1258.5,20.44,1275,20.68,1273,0.016,961,3,850,5.64,0.094,0.094,38136.172,39062.5,37361.108,0,897,0
bad,1259.1,20.48,1275,20.68,1274,0.016,962,3,850,5.64,0.094,0.094,38120.12,39131.944,37100.692,0,896,0
ok,1261.1,20.46,1275,20.68,1274,0.018,961,2,850,5.64,0.094,0.093,38167.036,39479.164,36996.528,0,898,0
bad,1261.1,20.435,1275,20.68,1274,0.019,963,3,850,5.64,0.094,0.094,38156.48,39687.5,36979.164,0,899,0
ok,1261.5,20.455,1275,20.68,1274,0.019,963,2,850,5.64,0.094,0.094,38192.08,39583.332,36840.276,0,900,0
ok,1261.4,21.01,1275,21.714,1274,0.019,964,3,850,5.64,0.094,0.094,38193.548,39496.528,36996.528,0,899,0
bad,1261.5,21.015,1275,21.714,1274,0.019,963,2,850,5.64,0.094,0.094,38152.196,39322.916,36961.804,0,900,0
ok,1261.4,21.015,1275,21.714,1274,0.018,963,2,850,5.64,0.094,0.094,38138.248,39010.416,37152.776,0,900,0
bad,1261.6,21.005,1275,21.714,1274,0.018,963,3,850,5.64,0.094,0.094,38127.048,39149.304,37083.332,0,899,0
bad,1261,21.005,1275,21.714,1275,0.016,963,2,850,5.64,0.094,0.094,38152.84,39253.468,37187.5,0,898,0
ok,1260.8,20.465,1275,20.68,1275,0.012,963,3,850,5.64,0.094,0.094,38157.184,39166.664,36909.72,0,898,0
ok,1260.8,20.425,1275,20.68,1274,0.015,964,2,850,5.64,0.094,0.094,38157.472,38958.332,37170.14,0,884,0
ok,1256.2,20.39,1275,20.68,1272,0.015,959,2,850,5.64,0.094,0.094,38161.228,39097.22,37256.944,0,882,0
bad,1256.6,20.495,1275,20.68,1272,0.022,960,2,850,5.64,0.094,0.094,38179.588,39305.556,37013.888,0,892,0
ok,1257.8,20.455,1275,20.68,1271,0.026,958,3,850,5.7,0.095,0.095,38156.868,39305.556,36961.804,1000,888,1124
bad,1257.9,20.505,1275,20.68,1271,0.026,959,3,850,5.64,0.095,0.094,38136.496,39253.468,37083.332,999,888,1126
ok,1257.9,20.45,1275,20.68,1272,0.028,958,3,850,5.64,0.094,0.094,38131.128,39218.752,36961.804,999,890,1125
bad,1258.5,20.51,1275,20.68,1273,0.025,957,3,850,5.64,0.094,0.094,38122.74,39149.304,36996.528,997,890,1123
bad,1259,20.455,1275,20.68,1273,0.027,956,3,850,5.64,0.094,0.094,38096.748,39062.5,37048.608,998,885,1122
ok,1259,20.515,1275,20.68,1273,0.028,954,4,850,5.52,0.094,0.091,38121.676,39184.028,36822.916,997,879,1122
ok,1261.3,20.535,1275,20.68,1274,0.029,947,3,850,5.46,0.091,0.091,38126.676,39149.304,37187.5,994,877,1121
ok,1261.8,20.52,1275,20.68,1275,0.03,947,4,850,5.46,0.091,0.091,38141.012,39149.304,37222.22,991,872,1120
ok,1262.7,20.52,1275,20.68,1275,0.03,942,3,850,5.46,0.091,0.09,38121.496,39184.028,36927.08,984,871,1120
ok,1263,20.515,1275,20.68,1276,0.029,935,3,850,5.46,0.091,0.09,38173.544,39687.5,36927.08,979,863,1119
bad,1261.8,20.525,1275,20.68,1277,0.031,922,8,850,5.46,0.091,0.091,38225.672,39583.332,37013.888,963,856,1117
ok,1260.1,20.475,1275,20.68,1278,0.034,912,5,850,5.46,0.091,0.091,38193.092,39444.444,37013.888,951,856,1117
ok,1260.4,20.505,1275,20.68,1278,0.035,904,4,850,5.46,0.091,0.091,38187.312,39184.028,37187.5,947,857,1116
ok,1261.5,20.505,1275,20.68,1278,0.036,903,5,850,5.46,0.091,0.091,38132.888,39166.664,37256.944,948,855,1114
ok,1274.5,16.495,1290,16.544,1287,0.032,941,4,850,5.4,0.09,0.09,38019.204,39079.86,36892.36,981,854,1150
ok,1275.3,16.475,1290,16.544,1287,0.031,944,4,850,5.4,0.09,0.09,38037.868,39184.028,36927.08,983,856,1150
ok,1275.2,16.5,1290,16.544,1287,0.031,943,4,850,5.4,0.09,0.09,38036.984,39045.14,36927.08,983,862,1150
ok,1275,16.465,1290,16.544,1287,0.032,941,4,850,5.4,0.09,0.09,38051.116,39045.14,36996.528,982,865,1150
ok,1275.3,16.51,1290,16.544,1287,0.032,942,4,850,5.4,0.09,0.09,38069.44,39149.304,36996.528,981,863,1150
ok,1275.3,16.475,1290,16.544,1287,0.032,943,4,850,5.4,0.09,0.09,38055.788,39305.556,36927.08,982,863,1150
ok,1275.1,16.465,1290,16.544,1287,0.032,944,5,850,5.4,0.09,0.09,38051.676,39045.14,37013.888,983,862,1150
ok,1275.7,16.525,1290,16.544,1287,0.032,944,5,850,5.4,0.09,0.09,38062.676,39270.832,36753.468,985,862,1151
ok,1276.1,16.475,1290,16.544,1288,0.032,945,4,850,5.4,0.09,0.09,38042.896,39062.5,36822.916,984,864,1151
ok,1275.7,16.48,1290,16.544,1287,0.032,947,3,850,5.4,0.09,0.09,38093.008,39479.164,36961.804,983,858,1150
ok,1276,16.52,1290,16.544,1287,0.033,947,4,850,5.4,0.09,0.09,38053.372,39392.36,36822.916,982,860,1150
ok,1275.5,21.36,1290,21.714,1287,0.036,946,4,850,5.4,0.09,0.09,38097.832,39010.416,37135.416,984,862,1151
ok,1275.2,16.46,1290,16.544,1286,0.037,946,4,850,5.4,0.09,0.09,38075.024,38888.888,37239.58,987,860,1152
ok,1276,22.61,1290,16.544,1286,0.039,944,4,850,5.4,0.09,0.09,38063.044,38888.888,37256.944,985,853,1140
ok,1279.3,22.63,1290,22.748,1288,0.04,942,4,850,5.4,0.09,0.09,38067.156,38958.332,37309.028,980,855,1143
ok,1278.4,20.58,1290,20.68,1288,0.039,944,4,850,5.4,0.09,0.09,38091.524,39010.416,37309.028,984,857,1147
ok,1278.1,20.54,1290,20.68,1289,0.039,944,3,850,5.4,0.09,0.09,38085.62,38993.056,37309.028,984,853,1147
ok,1278.3,20.575,1290,20.68,1289,0.038,947,4,850,5.4,0.09,0.09,38109.268,39184.028,37152.776,985,862,1146
ok,1278.2,20.58,1290,20.68,1289,0.038,944,5,850,5.4,0.09,0.09,38102.584,39305.556,37013.888,983,864,1146
ok,1278,20.56,1290,20.68,1289,0.038,944,4,850,5.4,0.09,0.09,38198.652,39444.444,36979.164,982,856,1146
ok,1277.6,20.575,1290,20.68,1288,0.037,946,4,850,5.4,0.09,0.09,38200.404,39305.556,37013.888,985,863,1146
ok,1279.3,20.635,1290,20.68,1288,0.039,946,4,850,5.4,0.09,0.09,38139.844,39270.832,37065.968,985,858,1126
ok,1278.6,20.55,1290,20.68,1288,0.039,945,4,850,5.4,0.09,0.09,38144.224,38993.056,37395.832,985,858,1125
ok,1278.1,20.57,1290,20.68,1287,0.038,944,4,850,5.4,0.09,0.09,38148.964,38906.248,37343.752,985,863,1127
ok,1278.1,20.565,1290,20.68,1289,0.029,948,4,850,5.4,0.09,0.09,38180.716,39131.944,37256.944,987,861,1164
ok,1277.9,20.535,1290,20.68,1289,0.028,949,4,850,5.4,0.09,0.09,38157.26,39131.944,37222.22,988,865,1165
ok,1278.1,20.61,1290,20.68,1289,0.027,949,4,850,5.4,0.09,0.09,38163.02,39253.468,37170.14,985,856,1163
ok,1277.9,20.575,1290,20.68,1289,0.027,949,5,850,5.4,0.09,0.09,38206.884,39357.64,37274.304,983,856,1162
ok,1276,20.595,1290,20.68,1288,0.023,948,4,850,5.4,0.09,0.09,38186.348,39184.028,37274.304,984,859,1165
ok,1276.9,20.625,1290,20.68,1289,0.024,943,4,850,5.4,0.091,0.09,38166.336,39166.664,37256.944,979,856,1159
ok,1278.1,20.63,1290,20.68,1290,0.025,941,5,850,5.4,0.091,0.09,38077.304,38993.056,37170.14,978,853,1150
ok,1279,20.59,1290,20.68,1291,0.024,942,7,850,5.34,0.089,0.089,38111.196,39097.22,37187.5,987,862,1151
ok,1280,20.485,1290,20.68,1290,0.028,948,4,850,5.46,0.091,0.089,38133.76,39149.304,37100.692,991,857,1142
ok,1279.7,20.585,1290,20.68,1290,0.03,944,4,850,5.46,0.091,0.091,38142.888,39131.944,37222.22,986,855,1141
ok,1278.1,20.62,1290,20.68,1290,0.025,938,6,850,5.46,0.092,0.091,38159.86,39218.752,37256.944,977,848,1140
ok,1277.6,20.66,1290,20.68,1291,0.024,931,6,850,5.52,0.092,0.092,38159.328,39131.944,37309.028,969,844,1138
ok,1277.6,20.625,1290,20.68,1291,0.027,934,5,850,5.52,0.092,0.091,38180.58,39253.468,37256.944,967,845,1138
ok,1278,20.66,1290,20.68,1291,0.026,936,5,850,5.52,0.092,0.091,38153.12,39079.86,37343.752,968,854,1139
ok,1277.6,20.645,1290,20.68,1291,0.023,933,5,850,5.46,0.092,0.091,38152.98,38993.056,37274.304,966,850,1140
ok,1277,20.63,1290,20.68,1291,0.021,933,6,850,5.46,0.092,0.091,38155.572,39062.5,37256.944,968,854,1139
ok,1277,20.64,1290,20.68,1291,0.021,931,7,850,5.46,0.092,0.091,38148.084,38906.248,37309.028,966,850,1138
ok,1276.3,20.69,1290,20.68,1291,0.021,927,6,850,5.52,0.092,0.091,38135.788,38993.056,37361.108,960,849,1133
ok,1278.5,20.67,1290,20.68,1291,0.027,921,5,850,5.52,0.092,0.091,38140.72,39045.14,37361.108,954,843,1107
ok,1257.6,20.885,1275,21.1,1266,0.03,976,3,850,5.7,0.095,0.095,37850.26,38541.664,37100.692,1018,893,1123
ok,1254.7,20.985,1275,21.714,1267,0.024,975,3,850,5.7,0.095,0.095,33231.274,37951.388,31840.278,1019,887,1141
ok,1253.2,20.87,1275,21.1,1266,0.02,975,4,850,5.7,0.095,0.095,32711.042,33454.858,31927.082,1016,889,1141
ok,1253.4,20.345,1275,20.68,1267,0.022,975,3,850,5.7,0.095,0.095,32704.152,33315.97,31927.082,1008,892,1141
ok,1251.5,20.465,1275,20.68,1267,0.014,976,3,850,5.7,0.095,0.095,32678.282,33229.166,32152.778,1012,899,1141
ok,1251.5,20.475,1275,20.68,1267,0.01,972,4,850,5.7,0.095,0.095,32990.22,38229.164,32065.97,1018,895,1142
ok,1254.1,20.425,1275,20.68,1267,0.014,974,3,850,5.7,0.095,0.095,37567.896,38576.388,32447.916,1019,896,1121
ok,1256,20.45,1275,20.68,1266,0.019,975,3,850,5.7,0.095,0.095,32631.116,33229.166,32048.608,1018,891,1103
ok,1255.7,20.475,1275,20.68,1266,0.018,976,2,850,5.7,0.095,0.095,32624.16,33229.166,32065.97,1019,893,1103
ok,1255.8,20.445,1275,20.68,1266,0.018,973,3,850,5.7,0.095,0.095,32615.364,33229.166,32065.97,1017,893,1103
ok,1257.6,20.435,1275,20.68,1268,0.018,974,3,850,5.7,0.095,0.095,32630.208,33281.25,31944.442,1018,885,1102
ok,1257.5,20.34,1275,20.68,1268,0.018,975,2,850,5.7,0.095,0.095,32907.404,38142.36,31927.082,1017,890,1103
ok,1257.2,20.485,1275,20.68,1267,0.017,976,3,850,5.7,0.095,0.095,37850.556,38402.776,37326.388,1017,890,1103
ok,1257.9,20.48,1275,20.68,1267,0.021,976,2,850,5.7,0.095,0.095,37256.824,38454.86,32586.804,1017,891,1103
ok,1255.5,20.47,1275,20.68,1268,0.014,975,2,850,5.7,0.095,0.095,37885.864,38663.192,37048.608,1016,895,1122
ok,1255.6,20.995,1275,21.714,1268,0.014,975,3,850,5.7,0.095,0.095,37667.884,38663.192,32378.47,1017,897,1123
ok,1255.3,20.96,1275,21.714,1267,0.014,979,3,850,5.7,0.095,0.093,32968.292,36996.528,31979.166,1020,887,1123
ok,1256.5,20.985,1275,21.714,1268,0.014,978,3,850,5.58,0.093,0.092,32662.906,33090.278,32135.416,1022,887,1122
ok,1256.5,20.46,1275,20.68,1268,0.015,975,3,850,5.52,0.092,0.092,32842.078,37586.804,32031.25,1022,883,1122
ok,1255.2,20.48,1275,20.68,1267,0.017,969,3,850,5.4,0.092,0.09,38048.264,38923.608,37361.108,1018,880,1121
ok,1254.5,21.01,1275,21.714,1267,0.018,968,3,850,5.4,0.09,0.09,38080.732,38871.528,37395.832,1018,889,1120
ok,1257.4,20.455,1275,20.68,1269,0.023,966,3,850,5.4,0.09,0.09,37999.98,38559.028,37517.36,1014,886,1121
ok,1258,20.515,1275,20.68,1270,0.021,966,3,850,5.4,0.09,0.09,38002.188,38732.64,37413.192,1011,883,1117
ok,1257.8,20.445,1275,20.68,1270,0.021,965,3,850,5.4,0.09,0.09,38016.544,38732.64,37447.916,1012,883,1116
ok,1257.4,20.505,1275,20.68,1270,0.02,963,3,850,5.4,0.09,0.09,38017.188,38489.58,37534.72,1011,880,1122
ok,1257.5,20.465,1275,20.68,1270,0.019,965,3,850,5.4,0.09,0.09,38018.008,38611.108,37517.36,1012,881,1122
ok,1257.7,20.475,1275,20.68,1270,0.019,958,3,850,5.4,0.09,0.09,38026.024,38559.028,37500,1005,869,1122
ok,1258.9,24.01,1275,24.192,1272,0.017,944,4,850,5.4,0.09,0.09,37997.168,38819.444,37361.108,991,861,1125
ok,1258.9,21.105,1275,21.714,1272,0.017,941,4,850,5.4,0.09,0.09,38035.94,38871.528,37274.304,989,858,1124
ok,1258.2,21.125,1275,21.714,1272,0.018,936,5,850,5.4,0.09,0.09,38051.412,38888.888,37187.5,985,856,1123
ok,1256.9,21.08,1275,21.714,1272,0.018,936,4,850,5.46,0.093,0.09,38025.516,38784.72,37239.58,978,854,1123
ok,1255.4,23.99,1275,24.192,1271,0.018,937,5,850,5.58,0.094,0.093,38013.804,38559.028,37482.64,977,858,1125
ok,1255.5,24.03,1275,24.192,1272,0.014,938,5,850,5.58,0.093,0.093,38018.736,38819.444,37361.108,976,857,1125
ok,1251.6,21.115,1275,21.714,1274,0.016,924,5,850,5.58,0.093,0.093,37985.42,38524.304,37430.556,966,850,1124
ok,1253.9,20.56,1275,20.68,1274,0.015,940,8,850,5.64,0.095,0.093,37965.6,38524.304,37482.64,977,855,1124
ok,1253.9,20.545,1275,20.68,1274,0.017,934,5,850,5.64,0.095,0.094,37958.676,38576.388,37447.916,975,851,1126
ok,1257.2,20.435,1275,20.68,1271,0.001,972,3,850,5.64,0.095,0.094,38082.444,39392.36,36909.72,1015,902,1138
ok,1257.5,20.44,1275,20.68,1271,0.001,974,3,850,5.64,0.095,0.094,38133.468,39236.108,37083.332,1018,904,1139
ok,1257.4,20.94,1275,21.714,1271,0.001,973,3,850,5.64,0.095,0.094,38116.016,39409.72,36961.804,1016,902,1139
ok,1257.2,23.88,1275,24.192,1271,0.001,973,3,850,5.64,0.094,0.094,38085.372,38871.528,37222.22,1018,904,1139
ok,1256.3,23.865,1275,24.192,1271,0.002,973,3,850,5.64,0.094,0.094,38069.028,38993.056,37065.968,1017,904,1139
ok,1255.8,23.845,1275,24.192,1270,0.002,972,3,850,5.64,0.095,0.094,38064.936,38888.888,37256.944,1016,902,1139
ok,1255.8,23.79,1275,24.192,1270,0.002,970,3,850,5.64,0.095,0.094,38119.148,39149.304,37135.416,1016,900,1139
ok,1256.6,23.88,1275,24.192,1271,0.002,971,3,850,5.64,0.095,0.094,38110.944,39340.276,36909.72,1015,901,1139
ok,1257.2,23.895,1275,24.192,1270,0.003,970,3,850,5.64,0.095,0.094,38113.324,39236.108,37170.14,1015,901,1139
ok,1257.3,23.865,1275,24.192,1270,0.004,971,3,850,5.64,0.095,0.094,38090.184,39236.108,37100.692,1014,901,1139
ok,1257,23.87,1275,24.192,1270,0.004,967,4,850,5.64,0.095,0.094,38089.888,39097.22,36961.804,1011,897,1138
bad,1274.9,18.42,1290,18.612,1289,0.001,955,3,850,5.64,0.094,0.093,37906.004,38472.22,37343.752,1000,896,1175
bad,1275.2,18.395,1290,18.612,1289,0.005,949,3,850,5.58,0.093,0.093,37926.252,38611.108,37361.108,997,889,1165
bad,1275.5,16.39,1290,16.544,1290,0.005,950,3,850,5.58,0.093,0.093,37932.588,38489.58,37326.388,996,891,1146
ok,1275.6,16.36,1290,16.544,1290,0.005,950,3,850,5.58,0.093,0.093,37918.244,38524.304,37274.304,997,891,1146
bad,1276,16.39,1290,16.544,1290,0.006,949,3,850,5.58,0.093,0.093,37900.72,38576.388,37256.944,997,890,1145
bad,1275.8,16.39,1290,16.544,1290,0.005,950,3,850,5.58,0.093,0.093,37894.18,38628.468,37152.776,997,891,1146
ok,1277,19.785,1290,20,1290,0.008,949,3,850,5.58,0.093,0.093,37922.02,38559.028,37326.388,997,889,1134
bad,1276.3,21.245,1290,21.714,1290,0.007,950,3,850,5.58,0.093,0.093,37886.408,38524.304,37135.416,998,889,1133
bad,1276.6,21.215,1290,21.714,1290,0.006,953,3,850,5.58,0.093,0.093,37882.72,38524.304,37187.5,997,890,1133
ok,1276.5,21.275,1290,21.714,1290,0.005,952,4,850,5.58,0.093,0.093,37877.952,38454.86,37309.028,997,890,1132
bad,1276.8,21.235,1290,21.714,1291,0.004,948,4,850,5.58,0.093,0.093,37903.432,38489.58,37326.388,995,887,1130
ok,1277.3,22.495,1290,22.748,1291,0.004,947,3,850,5.58,0.093,0.093,37881.84,38489.58,37100.692,996,886,1130
bad,1275.9,22.5,1290,22.748,1291,0.006,945,3,850,5.58,0.093,0.093,37847.916,38298.608,37274.304,993,885,1128
ok,1277.8,20.47,1290,20.68,1292,0.01,946,4,850,5.58,0.093,0.093,37893.492,38697.916,36961.804,994,885,1128
bad,1280.8,21.295,1290,21.714,1293,0.015,943,4,850,5.58,0.093,0.093,37830.716,38524.304,37065.968,991,882,1119
bad,1281,21.2,1290,21.714,1293,0.016,939,4,850,5.58,0.093,0.093,37867.352,38402.776,37239.58,989,877,1113
ok,1280.3,18.46,1290,18.612,1293,0.016,940,4,850,5.58,0.094,0.093,37827.908,38368.056,37187.5,989,879,1122
ok,1258.5,20.93,1275,21.1,1273,0.008,936,4,850,5.58,0.093,0.093,38123.744,39097.22,37100.692,977,876,1154
bad,1258.9,20.515,1275,20.68,1273,0.009,937,5,850,5.58,0.093,0.093,38135.524,39045.14,37326.388,974,876,1154
ok,1259.5,20.52,1275,20.68,1274,0.009,935,5,850,5.58,0.093,0.093,38078.176,38923.608,37447.916,974,875,1154
ok,1259.8,17.425,1275,17.578,1273,0.011,934,5,850,5.58,0.093,0.093,38082.968,38888.888,37430.556,976,874,1153
ok,1259.4,17.455,1275,17.578,1273,0.011,933,6,850,5.58,0.093,0.093,38115.64,38732.64,37534.72,974,874,1152
ok,1259.7,21.08,1275,21.714,1274,0.012,926,8,850,5.58,0.093,0.093,38143.084,39184.028,37222.22,963,869,1146
ok,1257.4,22.66,1275,22.748,1274,0.012,906,6,850,5.4,0.091,0.089,38084.98,38906.248,37395.832,945,864,1142
ok,1261.1,22.62,1275,22.748,1275,0.017,905,6,850,5.34,0.089,0.089,38054.328,38975.692,37309.028,947,863,1136
ok,1263.2,22.685,1275,22.748,1276,0.019,904,6,850,5.34,0.089,0.089,38103.92,38975.692,37326.388,946,864,1112
bad,1257.6,20.405,1275,20.68,1273,-0.007,955,2,850,5.34,0.089,0.089,38151.22,38802.08,37517.36,995,881,1138
ok,1257.8,20.49,1275,20.68,1273,-0.006,955,4,850,5.34,0.089,0.089,38165.812,39236.108,37170.14,995,881,1138
ok,1257.9,20.4,1275,20.68,1273,-0.005,956,3,850,5.34,0.089,0.089,38137.984,39305.556,37309.028,998,883,1141
bad,1251.1,20.455,1275,20.68,1270,-0.004,956,4,850,5.58,0.093,0.092,38064.432,38888.888,37274.304,998,887,1136
bad,1250.7,20.45,1275,20.68,1270,-0.002,956,3,850,5.58,0.093,0.092,38038.588,38836.804,37256.944,994,888,1137
bad,1256,20.455,1275,20.68,1271,-0.002,960,3,850,5.58,0.093,0.092,38039.78,39045.14,37170.14,998,891,1136
bad,1256.6,20.445,1275,20.68,1272,0,951,5,850,5.58,0.093,0.093,38018.216,39079.86,37256.944,991,882,1137
bad,1257.2,20.44,1275,20.68,1272,0,954,3,850,5.58,0.093,0.093,38020.244,39010.416,37274.304,992,885,1137
bad,1258,20.455,1275,20.68,1273,0,956,2,850,5.58,0.093,0.092,38044.784,38836.804,37309.028,990,887,1138
bad,1258.4,20.41,1275,20.68,1273,0.002,954,3,850,5.52,0.092,0.092,38029.268,38784.72,37430.556,992,884,1140
bad,1258.1,20.455,1275,20.68,1273,0,956,3,850,5.52,0.092,0.092,38034.772,38750,37309.028,992,888,1139
bad,1258.3,20.29,1275,20.68,1273,0.001,958,2,850,5.52,0.092,0.092,38047.332,38663.192,37482.64,992,889,1141
ok,1258.6,20.99,1275,21.714,1274,0.001,951,3,850,5.52,0.092,0.092,38048.56,38871.528,37274.304,992,884,1139
ok,1258.5,20.985,1275,21.714,1273,0.001,954,4,850,5.52,0.092,0.092,38048.908,38819.444,37274.304,994,882,1140
bad,1258.3,20.475,1275,20.68,1273,0,958,2,850,5.52,0.092,0.092,38051.448,38784.72,37309.028,996,885,1140
bad,1258.3,20.455,1275,20.68,1273,0.001,956,3,850,5.52,0.092,0.092,38047.32,38871.528,37447.916,997,886,1141
bad,1258,20.45,1275,20.68,1273,0.002,958,2,850,5.52,0.092,0.091,38050.484,38836.804,37187.5,996,887,1141
bad,1257.4,20.45,1275,20.68,1273,0.003,961,3,850,5.46,0.092,0.091,38038.608,38715.276,37326.388,999,888,1142
ok,1257.2,20.39,1275,20.68,1273,0.005,959,3,850,5.46,0.091,0.091,38068.752,38836.804,37361.108,998,884,1136
ok,1256.2,20.985,1275,21.714,1274,0.003,958,3,850,5.46,0.091,0.091,38074.872,38958.332,37256.944,997,883,1132
bad,1258.2,20.465,1275,20.68,1274,0.013,956,3,850,5.46,0.091,0.091,38062.292,39097.22,37013.888,995,882,1131
bad,1259.1,20.855,1275,21.714,1274,0.014,953,3,850,5.46,0.091,0.091,38061.868,39010.416,37100.692,990,880,1130
bad,1258.3,20.975,1275,21.714,1274,0.013,954,4,850,5.46,0.091,0.091,38043.476,38993.056,37065.968,993,882,1131
bad,1259.5,20.46,1275,20.68,1275,0.014,952,3,850,5.46,0.091,0.09,38051.572,38993.056,37065.968,991,879,1128
bad,1258.4,20.48,1275,20.68,1275,0.009,952,2,850,5.4,0.091,0.09,38033.096,38906.248,37326.388,987,880,1127
bad,1259,20.495,1275,20.68,1275,0.009,950,4,850,5.4,0.091,0.09,38057.024,38888.888,37343.752,989,877,1126
bad,1279.4,16.425,1290,16.544,1291,-0.013,927,3,850,5.28,0.088,0.088,38189.096,39340.276,36909.72,974,867,1142
bad,1279.4,16.45,1290,16.544,1290,-0.012,925,4,850,5.28,0.088,0.088,38197.404,39496.528,37065.968,971,867,1139
bad,1278.6,16.48,1290,16.544,1291,-0.017,923,4,850,5.28,0.088,0.088,38180.424,38958.332,37274.304,972,866,1141
bad,1278,18.5,1290,18.612,1291,-0.015,922,5,850,5.28,0.088,0.088,38158.96,39079.86,37430.556,967,865,1143
bad,1277.6,18.5,1290,18.612,1291,-0.016,921,4,850,5.34,0.09,0.088,38160.488,39253.468,37222.22,968,865,1143
bad,1276.9,18.53,1290,18.612,1291,-0.02,921,5,850,5.4,0.09,0.09,38164.592,39149.304,37187.5,961,865,1144
bad,1276.1,18.555,1290,18.612,1290,-0.02,919,5,850,5.46,0.092,0.09,38175.796,39131.944,37361.108,960,865,1143
bad,1276.1,18.47,1290,18.612,1290,-0.024,932,4,850,5.52,0.092,0.092,38171.676,38819.444,37569.444,977,870,1141
bad,1275,18.465,1290,18.612,1289,-0.028,943,6,850,5.52,0.092,0.092,38157.104,39184.028,37239.58,990,878,1143
bad,1273,18.38,1290,18.612,1288,-0.035,955,4,850,5.52,0.092,0.092,38159.64,39062.5,37100.692,1003,889,1145
bad,1272,18.375,1290,18.612,1287,-0.038,955,3,850,5.52,0.092,0.092,38178.76,39149.304,37256.944,1002,890,1146
bad,1271.6,18.37,1290,18.612,1287,-0.038,955,3,850,5.52,0.092,0.092,38156.732,38975.692,37395.832,1000,890,1146
bad,1271.6,18.38,1290,18.612,1287,-0.036,956,4,850,5.52,0.092,0.092,38147.112,39062.5,37326.388,998,889,1147
bad,1270.9,18.275,1290,18.612,1287,-0.037,955,4,850,5.52,0.092,0.092,38181.316,39340.276,37013.888,996,888,1150
bad,1270.6,18.4,1290,18.612,1286,-0.037,957,3,850,5.52,0.092,0.092,38155.632,39357.64,37187.5,998,890,1149
bad,1270.7,18.375,1290,18.612,1287,-0.034,954,3,850,5.52,0.092,0.092,38170.148,38993.056,37326.388,995,888,1149
bad,1271.9,18.385,1290,18.612,1288,-0.035,955,4,850,5.52,0.092,0.091,38136.088,39062.5,37326.388,991,890,1149
bad,1273.7,15.27,1290,15.51,1288,-0.022,953,3,850,5.46,0.091,0.091,38121.832,39045.14,37222.22,993,888,1152
bad,1273.3,21.185,1290,21.714,1288,-0.023,955,3,850,5.46,0.091,0.091,38152.14,39236.108,37065.968,993,890,1151
bad,1272.1,20.815,1290,21.1,1288,-0.024,956,3,850,5.46,0.091,0.091,38152.084,38819.444,37447.916,993,890,1154
bad,1272.4,20.39,1290,20.68,1288,-0.023,956,4,850,5.46,0.091,0.09,38148.836,38993.056,37222.22,997,890,1153
bad,1273.2,21.145,1290,21.714,1289,-0.022,953,3,850,5.4,0.091,0.09,38140.056,39253.468,36996.528,994,889,1151
bad,1273,16.325,1290,16.544,1289,-0.021,954,5,850,5.4,0.09,0.09,38158.528,38975.692,37361.108,992,893,1149
bad,1274.8,18.36,1290,18.612,1288,-0.01,956,4,850,5.4,0.09,0.09,38170.332,39270.832,37187.5,991,892,1150
bad,1274.7,18.315,1290,18.612,1289,-0.011,955,4,850,5.4,0.09,0.09,38149.636,39045.14,37065.968,992,892,1150
bad,1274.1,18.37,1290,18.612,1288,-0.011,959,4,850,5.4,0.09,0.09,38148.324,39305.556,37065.968,994,893,1150
bad,1272.8,18.355,1290,18.612,1287,-0.011,962,4,850,5.4,0.091,0.09,38101.088,38923.608,37343.752,1000,896,1151
bad,1273.3,18.38,1290,18.612,1288,-0.011,955,4,850,5.46,0.091,0.091,38132.604,38906.248,37447.916,986,892,1150
bad,1271.2,18.355,1290,18.612,1287,-0.011,953,5,850,5.46,0.091,0.091,38144.288,39062.5,37170.14,986,891,1150
bad,1270.7,18.395,1290,18.612,1288,-0.011,951,6,850,5.46,0.091,0.091,38120.404,39149.304,37083.332,985,890,1150
bad,1271.1,18.38,1290,18.612,1288,-0.01,944,5,850,5.46,0.091,0.091,38106.268,39149.304,37065.968,989,889,1150
bad,1272.5,16.34,1290,16.544,1289,-0.008,945,4,850,5.46,0.091,0.091,38095.036,39010.416,37170.14,974,889,1151
bad,1272,16.345,1290,16.544,1289,-0.008,951,5,850,5.46,0.091,0.09,38112.128,39097.22,37361.108,980,890,1147
bad,1272.4,16.37,1290,16.544,1289,-0.008,944,7,850,5.46,0.091,0.09,38125.148,39149.304,37239.58,984,887,1146
bad,1272.8,16.27,1290,16.544,1289,-0.007,940,5,850,5.46,0.091,0.09,38113.664,39079.86,37065.968,983,885,1145
ok,1272.1,16.345,1290,16.544,1289,-0.008,947,5,850,5.46,0.091,0.09,38095.896,39253.468,37048.608,987,889,1145
ok,1272.2,16.345,1290,16.544,1289,-0.008,950,5,850,5.4,0.091,0.09,38111.268,39010.416,37343.752,992,890,1146
ok,1272,16.325,1290,16.544,1288,-0.008,954,4,850,5.4,0.091,0.09,38102.876,38819.444,37447.916,992,891,1145
bad,1272.3,16.355,1290,16.544,1289,-0.007,949,5,850,5.4,0.091,0.09,38107.78,38819.444,37482.64,992,887,1145
ok,1272.4,16.33,1290,16.544,1289,-0.005,948,5,850,5.46,0.091,0.09,38117.692,38958.332,37222.22,990,888,1144
bad,1272.7,16.36,1290,16.544,1288,-0.004,940,5,850,5.46,0.091,0.09,38136.952,39218.752,37222.22,987,886,1145
bad,1274.1,16.325,1290,16.544,1288,-0.002,947,4,850,5.4,0.091,0.09,38117.676,39010.416,37309.028,991,886,1143
bad,1276.7,16.295,1290,16.544,1289,0,951,4,850,5.4,0.091,0.09,38101.08,38958.332,37326.388,992,889,1132
bad,1276.3,18.405,1290,18.612,1289,-0.002,951,4,850,5.46,0.091,0.09,38137.052,39253.468,37361.108,987,888,1136
ok,1275.8,18.405,1290,18.612,1289,-0.001,953,4,850,5.46,0.091,0.09,38123.12,39131.944,37152.776,987,889,1143
bad,1275,18.415,1290,18.612,1289,-0.003,948,5,850,5.46,0.091,0.09,38136.616,39427.08,36892.36,992,885,1143
bad,1274.9,18.375,1290,18.612,1289,-0.003,949,3,850,5.4,0.091,0.09,38116.028,39357.64,37187.5,992,886,1142
bad,1273.9,16.335,1290,16.544,1289,-0.008,946,4,850,5.4,0.091,0.09,38090.96,38958.332,37326.388,990,882,1141
bad,1274.5,16.37,1290,16.544,1290,-0.007,940,6,850,5.46,0.091,0.09,38078.512,39149.304,37170.14,985,881,1141
bad,1274.1,16.415,1290,16.544,1290,-0.007,938,4,850,5.46,0.091,0.091,38102.136,38888.888,37309.028,977,873,1155
bad,1275.2,16.425,1290,16.544,1290,-0.003,932,5,850,5.46,0.091,0.09,38114.316,38836.804,37482.64,970,872,1153
bad,1274.1,18.46,1290,18.612,1290,-0.006,931,4,850,5.4,0.09,0.09,38146.116,39149.304,37274.304,967,869,1149
bad,1254.2,20.385,1275,20.68,1273,-0.039,957,3,850,5.4,0.09,0.09,38059.492,39062.5,37326.388,1011,889,1158
bad,1254.1,20.385,1275,20.68,1273,-0.039,958,3,850,5.4,0.09,0.09,38053.328,39045.14,36979.164,1011,889,1159
bad,1254.3,20.38,1275,20.68,1273,-0.038,957,3,850,5.4,0.09,0.09,38042.584,39166.664,37274.304,1012,888,1159
bad,1254.3,20.38,1275,20.68,1273,-0.038,956,3,850,5.4,0.09,0.09,38033.592,38750,37256.944,1010,888,1160
bad,1254,20.38,1275,20.68,1273,-0.038,957,3,850,5.4,0.09,0.09,38044.888,39097.22,37083.332,1010,888,1160
bad,1254,20.375,1275,20.68,1273,-0.038,954,4,850,5.4,0.09,0.09,38037.972,39253.468,36909.72,1004,885,1159
bad,1253.2,20.295,1275,20.68,1272,-0.038,951,3,850,5.46,0.092,0.09,38076.772,38871.528,37170.14,1000,883,1162
bad,1251.8,20.94,1275,21.714,1271,-0.04,954,3,850,5.58,0.093,0.092,38056.012,39079.86,37343.752,1000,886,1162
bad,1255.7,20.385,1275,20.68,1274,-0.029,953,3,850,5.58,0.093,0.093,38058.272,38836.804,37309.028,1000,885,1158
bad,1256,20.405,1275,20.68,1274,-0.029,955,3,850,5.58,0.093,0.093,38069.476,38906.248,37343.752,1000,886,1158
bad,1256.5,20.38,1275,20.68,1274,-0.027,957,4,850,5.58,0.094,0.093,38108.704,39253.468,36979.164,1000,887,1161
bad,1256.8,20.24,1275,20.68,1274,-0.024,955,3,850,5.58,0.094,0.093,38063.732,38802.08,37135.416,999,885,1162
bad,1256.1,20.38,1275,20.68,1275,-0.026,954,3,850,5.58,0.093,0.093,38057.336,38975.692,37222.22,1001,886,1161
bad,1256.1,20.36,1275,20.68,1275,-0.024,952,3,850,5.58,0.093,0.093,38109.592,39149.304,37135.416,999,884,1163
bad,1255.9,20.395,1275,20.68,1275,-0.026,951,3,850,5.58,0.093,0.092,38059.524,38923.608,37135.416,997,885,1161
bad,1254.8,20.39,1275,20.68,1275,-0.027,950,3,850,5.52,0.093,0.092,38075.42,39045.14,36996.528,996,885,1161
bad,1254.1,20.42,1275,20.68,1275,-0.026,949,4,850,5.52,0.093,0.092,38042.856,38871.528,37361.108,991,883,1160
ok,1252.2,20.375,1275,20.68,1275,-0.026,951,3,850,5.52,0.093,0.092,38051.872,38836.804,37500,993,884,1161
bad,1250.7,20.38,1275,20.68,1275,-0.026,952,4,850,5.52,0.093,0.092,38068.892,39131.944,37152.776,995,884,1161
ok,1248.8,20.395,1275,20.68,1274,-0.026,953,4,850,5.52,0.092,0.092,38064.084,38923.608,37256.944,998,884,1160
bad,1248.4,20.345,1275,20.68,1273,-0.024,950,4,850,5.52,0.092,0.092,38052.524,38871.528,37430.556,996,882,1160
bad,1249.7,20.38,1275,20.68,1273,-0.023,952,3,850,5.52,0.092,0.092,38015.964,38923.608,37326.388,998,884,1157
bad,1251.3,20.4,1275,20.68,1273,-0.02,949,3,850,5.52,0.092,0.092,38065.448,39045.14,37135.416,996,882,1150
bad,1249.7,20.385,1275,20.68,1274,-0.022,947,4,850,5.52,0.092,0.092,38053.236,39079.86,36979.164,995,881,1158
bad,1250.7,20.9,1275,21.714,1274,-0.018,948,3,850,5.46,0.092,0.091,38063.736,38888.888,37222.22,993,880,1155
bad,1252.3,20.84,1275,21.1,1275,-0.019,950,3,850,5.46,0.091,0.091,38048.7,39010.416,37239.58,993,882,1143
bad,1253.1,20.385,1275,20.68,1275,-0.014,950,3,850,5.46,0.091,0.091,38070.9,39392.36,36822.916,994,881,1142
bad,1255,20.995,1275,21.714,1275,-0.005,948,4,850,5.46,0.091,0.091,38084.152,39218.752,36996.528,989,880,1140
bad,1256.2,20.985,1275,21.714,1276,-0.003,946,4,850,5.46,0.091,0.091,38045.872,39236.108,37309.028,983,878,1137
bad,1257.2,20.995,1275,21.714,1276,-0.002,944,4,850,5.46,0.091,0.091,38056.296,38784.72,37309.028,984,877,1138
bad,1259.2,17.395,1275,17.578,1276,0.004,942,3,850,5.46,0.091,0.091,38048.756,39236.108,37170.14,979,875,1135
bad,1259.4,21.005,1275,21.714,1276,0.005,942,4,850,5.46,0.091,0.091,38071.304,38888.888,36979.164,980,875,1136
bad,1258.8,20.46,1275,20.68,1277,0.006,944,4,850,5.46,0.091,0.091,38061.152,38923.608,37343.752,982,876,1135
bad,1257.5,20.45,1275,20.68,1277,0.001,944,4,850,5.46,0.091,0.091,38075.972,39079.86,37187.5,984,877,1141
bad,1255.3,15.385,1275,15.51,1277,-0.007,943,4,850,5.46,0.091,0.091,38068.4,38906.248,37239.58,985,876,1162
bad,1255,20.5,1275,20.68,1277,-0.004,938,6,850,5.34,0.091,0.089,38060.728,38993.056,37326.388,985,873,1161
ok,1258.6,20.595,1275,20.68,1276,0.006,926,4,850,5.16,0.086,0.084,38067.028,38819.444,37152.776,977,863,1152
bad,1270,21.33,1290,22,1289,-0.049,934,4,850,5.52,0.092,0.092,38082.528,39166.664,37065.968,983,871,1162
bad,1269.3,21.32,1290,22,1290,-0.048,935,4,850,5.52,0.092,0.092,38079.536,38923.608,37395.832,982,871,1161
bad,1269.3,21.33,1290,22,1291,-0.05,936,5,850,5.52,0.092,0.092,38078.504,38958.332,37326.388,985,872,1161
bad,1268.8,21.355,1290,22,1290,-0.047,934,4,850,5.52,0.092,0.092,38101.292,39079.86,37083.332,983,871,1162
bad,1267.8,18.885,1290,19,1290,-0.049,929,4,850,5.52,0.092,0.092,38098.168,39062.5,37274.304,979,869,1162
bad,1267.7,18.885,1290,19,1290,-0.05,928,4,850,5.52,0.092,0.092,38098.952,38888.888,37309.028,973,868,1162
bad,1268.5,18.905,1290,19,1291,-0.048,928,4,850,5.52,0.092,0.092,38122.54,39322.916,36996.528,975,867,1165
bad,1268.8,18.88,1290,19,1291,-0.041,927,4,850,5.52,0.092,0.092,38125.144,39166.664,37152.776,975,868,1164
ok,1269,18.91,1290,19,1291,-0.04,929,4,850,5.52,0.092,0.092,38116.696,39097.22,37309.028,979,870,1164
bad,1269.4,18.88,1290,19,1291,-0.037,930,5,850,5.52,0.092,0.092,38128.94,39149.304,37170.14,979,870,1165
bad,1268.9,18.845,1290,19,1290,-0.036,927,4,850,5.52,0.092,0.092,38163.732,39444.444,37187.5,974,868,1163
bad,1268,18.84,1290,19,1289,-0.036,930,4,850,5.46,0.092,0.09,38149.828,39166.664,37343.752,973,871,1164
bad,1266.5,18.93,1290,19,1288,-0.037,921,7,850,5.34,0.09,0.089,38142.656,38923.608,37274.304,968,867,1163
bad,1267.5,18.905,1290,19,1288,-0.033,906,6,850,5.34,0.092,0.089,38156.644,39010.416,37170.14,948,862,1160
bad,1267.7,18.925,1290,19,1288,-0.034,909,7,850,5.52,0.092,0.092,38157.268,38906.248,37343.752,946,862,1161
bad,1267,18.815,1290,19,1288,-0.035,908,6,850,5.52,0.092,0.092,38143.22,39097.22,37343.752,942,862,1160
bad,1266.9,18.92,1290,19,1288,-0.036,910,5,850,5.52,0.092,0.092,38149.832,39010.416,37413.192,947,863,1161
bad,1266.5,18.93,1290,19,1288,-0.036,908,6,850,5.52,0.092,0.092,38162.152,39131.944,37065.968,945,859,1159
bad,1266.5,18.91,1290,19,1288,-0.034,906,6,850,5.52,0.092,0.092,38162.52,38993.056,37326.388,940,860,1160
bad,1267.4,18.895,1290,19,1290,-0.03,902,6,850,5.52,0.092,0.092,38137.336,38836.804,37395.832,939,860,1157
bad,1269,18.88,1290,19,1290,-0.018,903,6,850,5.52,0.092,0.092,38150.068,39062.5,37239.58,944,860,1139
bad,1270.1,18.91,1290,19,1291,-0.017,907,6,850,5.52,0.092,0.092,38167.208,39218.752,37256.944,948,862,1142
bad,1272.1,18.925,1290,19,1293,-0.017,912,6,850,5.52,0.092,0.091,38165.616,39045.14,37482.64,951,860,1151
bad,1273.5,18.895,1290,19,1293,-0.018,919,6,850,5.46,0.092,0.091,38168.236,39184.028,37152.776,962,863,1156
bad,1274.2,18.81,1290,19,1292,-0.019,932,5,850,5.46,0.091,0.091,38162.94,39409.72,37170.14,980,872,1161
bad,1274.3,18.8,1290,19,1293,-0.018,937,5,850,5.46,0.091,0.091,38166.412,39253.468,37170.14,985,875,1163
bad,1274.7,18.8,1290,19,1293,-0.018,939,4,850,5.46,0.091,0.091,38133.896,38906.248,37500,987,877,1163
bad,1274.9,18.81,1290,19,1293,-0.017,939,4,850,5.46,0.091,0.091,38128.808,38975.692,37239.58,989,879,1163
bad,1275.6,18.82,1290,19,1293,-0.016,941,4,850,5.46,0.091,0.091,38177.972,39184.028,37100.692,987,879,1163
bad,1276.5,18.82,1290,19,1293,-0.015,941,4,850,5.46,0.091,0.09,38139.56,38993.056,37326.388,988,881,1164
bad,1276.2,18.795,1290,19,1293,-0.015,940,5,850,5.4,0.091,0.09,38121.836,38923.608,37534.72,988,882,1163
bad,1277.1,18.795,1290,19,1294,-0.012,939,4,850,5.4,0.09,0.09,38144.708,39010.416,37222.22,988,880,1160
bad,1277.3,18.83,1290,19,1295,-0.013,940,4,850,5.4,0.09,0.09,38151.872,39149.304,37100.692,990,882,1150
bad,1277.5,18.84,1290,19,1294,-0.012,937,3,850,5.4,0.09,0.09,38182.028,39270.832,37048.608,987,880,1148
bad,1277.4,18.88,1290,19,1294,-0.01,934,5,850,5.4,0.09,0.09,38179.628,38888.888,37256.944,982,877,1144
bad,1276.3,18.865,1290,19,1293,-0.006,933,3,850,5.4,0.09,0.09,38160.54,39010.416,37326.388,979,875,1142
ok,1277.3,18.87,1290,19,1293,-0.002,925,5,850,5.4,0.09,0.09,38203.864,39253.468,37100.692,975,872,1133
bad,1275.5,18.87,1290,19,1291,0.001,924,7,850,5.46,0.091,0.09,38173.176,39218.752,37430.556,972,868,1147
bad,1275,19,1290,19,1291,-0.001,904,9,850,5.46,0.092,0.091,38172.14,39097.22,37326.388,953,864,1144
bad,1274.5,18.905,1290,19,1291,-0.003,910,10,850,5.46,0.091,0.091,38167.552,39270.832,37152.776,961,864,1147
bad,1276.3,18.855,1290,19,1290,0.001,923,4,850,5.34,0.091,0.087,38172.136,39218.752,37309.028,973,868,1151
bad,1275.6,18.91,1290,19,1290,0.002,911,4,850,5.16,0.086,0.086,38133.528,39062.5,37170.14,972,863,1150
bad,1275.3,18.89,1290,19,1290,0.003,907,3,850,5.16,0.086,0.086,38176.82,39149.304,37083.332,971,862,1149
bad,1274.9,18.915,1290,19,1290,-0.002,911,3,850,5.16,0.086,0.085,38140.536,38958.332,37222.22,975,862,1150
bad,1275.2,18.935,1290,19,1290,0.002,913,3,850,5.1,0.086,0.085,38146.78,38871.528,37447.916,974,862,1149
bad,1277.5,18.76,1290,19,1290,-0.004,918,4,850,5.1,0.085,0.085,38158.828,38802.08,37430.556,977,862,1150
bad,1252.6,21.03,1275,21.714,1274,-0.016,935,4,850,5.52,0.092,0.092,38123.608,39079.86,36909.72,983,871,1147
bad,1254.1,20.98,1275,21.714,1274,-0.014,936,4,850,5.52,0.092,0.092,38124.24,38993.056,37048.608,985,871,1148
bad,1255.1,21.05,1275,21.714,1274,-0.012,939,3,850,5.52,0.092,0.092,38111.124,39045.14,37013.888,988,874,1149
bad,1254.8,24.57,1275,24.816,1274,-0.013,937,6,850,5.52,0.092,0.091,38111.876,39045.14,37083.332,983,871,1148
bad,1251.3,20.93,1275,21.714,1275,-0.01,916,6,850,5.52,0.092,0.091,38132.912,39236.108,36805.556,956,864,1142
bad,1251.1,20.895,1275,21.714,1275,-0.014,938,5,850,5.58,0.093,0.091,38093.724,39010.416,36961.804,982,873,1141
bad,1258.6,20.945,1275,21.714,1276,-0.003,939,4,850,5.52,0.093,0.092,38093.44,38836.804,37135.416,986,872,1123
bad,1251.4,20.35,1275,20.68,1274,-0.01,957,3,850,5.4,0.091,0.09,38081.72,38802.08,37447.916,997,895,1141
bad,1252.8,20.34,1275,20.68,1274,-0.004,956,3,850,5.4,0.091,0.09,38090.004,38784.72,37447.916,996,894,1141
bad,1252.4,20.35,1275,20.68,1274,-0.004,958,3,850,5.4,0.091,0.09,38083.044,38871.528,37447.916,997,894,1142
bad,1252.3,17.31,1275,17.578,1274,-0.004,959,3,850,5.46,0.091,0.09,38097.224,38871.528,37447.916,995,896,1151
bad,1253.6,20.91,1275,21.714,1274,-0.002,955,3,850,5.46,0.091,0.09,38070.736,39010.416,37170.14,995,890,1156
bad,1253.1,17.295,1275,17.578,1273,-0.002,958,3,850,5.46,0.091,0.09,38083.588,39131.944,37222.22,997,893,1158
bad,1252.4,20.87,1275,21.714,1274,-0.003,957,3,850,5.34,0.091,0.088,38100.8,39184.028,37152.776,997,891,1159
bad,1255.1,20.935,1275,21.714,1275,0.001,957,3,850,5.28,0.088,0.088,38112.6,39236.108,37170.14,995,888,1156
ok,1256.8,20.375,1275,20.68,1275,0.002,955,3,850,5.28,0.088,0.088,38080.788,38888.888,37326.388,997,888,1141
ok,1257.4,20.38,1275,20.68,1276,0.003,956,3,850,5.28,0.088,0.088,38089.796,38923.608,37152.776,995,886,1139
bad,1257.1,20.395,1275,20.68,1276,0.003,954,3,850,5.28,0.088,0.088,38134.752,39253.468,37083.332,991,881,1136
ok,1257.2,20.39,1275,20.68,1276,0.003,951,3,850,5.28,0.088,0.088,38143.172,39236.108,37170.14,991,881,1136
ok,1257.7,20.315,1275,20.68,1276,0.002,951,3,850,5.28,0.088,0.088,38087.26,38975.692,37395.832,997,880,1135
ok,1257.5,20.37,1275,20.68,1276,-0.001,951,3,850,5.28,0.088,0.088,38094.452,38784.72,37343.752,996,881,1137
ok,1257.4,20.355,1275,20.68,1277,0,956,3,850,5.22,0.088,0.087,38114.048,38975.692,37100.692,997,884,1139
bad,1278.4,20.555,1295,20.68,1298,0.008,916,5,850,5.4,0.09,0.09,37965.424,38697.916,37326.388,965,870,1142
bad,1281,20.55,1295,20.68,1299,0.011,920,3,850,5.4,0.09,0.09,37887.84,38645.832,36840.276,966,871,1122
bad,1281,20.545,1295,20.68,1299,0.014,919,2,850,5.4,0.09,0.09,37923.42,38802.08,37152.776,965,873,1131
bad,1281.7,20.54,1295,20.68,1299,0.018,917,4,850,5.4,0.09,0.089,38032.052,38802.08,37274.304,965,872,1129
bad,1282.7,20.555,1295,20.68,1300,0.018,916,4,850,5.4,0.09,0.089,38011.2,38802.08,37413.192,958,873,1118
bad,1281.5,20.545,1295,20.68,1300,0.014,916,4,850,5.4,0.09,0.089,38017.752,38836.804,37256.944,960,873,1119
bad,1280.6,20.53,1295,20.68,1299,0.013,919,5,850,5.4,0.09,0.089,38015.852,38732.64,37413.192,969,876,1123
bad,1281.8,20.565,1295,20.68,1300,0.014,919,4,850,5.4,0.09,0.089,38054.408,38697.916,37413.192,965,873,1118
ok,1282.2,21.385,1295,21.714,1300,0.015,916,3,850,5.4,0.09,0.089,38027.66,38819.444,37309.028,961,872,1117
ok,1282.6,18.48,1295,18.612,1300,0.015,917,3,850,5.4,0.09,0.089,38052.664,39305.556,37083.332,959,873,1118
ok,1282.4,20.54,1295,20.68,1300,0.014,918,4,850,5.34,0.09,0.089,38175.348,39236.108,37170.14,964,876,1121
bad,1282.8,22.58,1295,22.748,1299,0.015,920,3,850,5.34,0.09,0.089,38142.872,38975.692,37447.916,968,878,1124
ok,1283.5,18.47,1295,18.612,1300,0.015,921,3,850,5.34,0.089,0.089,38156.436,39045.14,37222.22,968,878,1124
ok,1283.4,18.475,1295,18.612,1300,0.016,922,3,850,5.34,0.09,0.089,38176.184,39010.416,37309.028,966,879,1124
bad,1283.6,18.465,1295,18.612,1299,0.017,922,3,850,5.34,0.09,0.089,38176.492,39149.304,37274.304,967,878,1123
bad,1284.7,20.535,1295,20.68,1300,0.017,922,3,850,5.34,0.09,0.089,38153.844,38784.72,37621.528,968,879,1117
ok,1283.7,20.505,1295,20.68,1300,0.016,923,4,850,5.34,0.09,0.089,38140.988,38836.804,37517.36,970,878,1128
bad,1283.2,21.385,1295,21.714,1300,0.016,922,4,850,5.34,0.09,0.089,38135.032,38958.332,37395.832,970,877,1127
bad,1283.5,22.595,1295,22.748,1300,0.018,919,3,850,5.34,0.09,0.089,38152.348,39045.14,37326.388,969,877,1126
bad,1283.2,18.455,1295,18.612,1300,0.017,921,4,850,5.34,0.089,0.089,38142.024,38819.444,37413.192,973,878,1128
bad,1284.1,18.495,1295,18.612,1300,0.017,917,4,850,5.34,0.09,0.089,38142.908,38958.332,37326.388,967,876,1126
bad,1284.1,18.485,1295,18.612,1300,0.017,919,4,850,5.34,0.089,0.089,38115.116,39218.752,37222.22,967,873,1124
ok,1283.5,18.475,1295,18.612,1299,0.016,921,4,850,5.34,0.089,0.089,38211.576,39357.64,37222.22,972,876,1127
bad,1283.9,18.46,1295,18.612,1299,0.016,922,4,850,5.34,0.089,0.089,38169.536,38923.608,37447.916,970,877,1129
bad,1283.5,18.44,1295,18.612,1299,0.015,924,5,850,5.34,0.089,0.089,38154.596,38836.804,37447.916,977,878,1129
bad,1283,21.325,1295,21.714,1298,0.014,929,5,850,5.34,0.089,0.089,38161.556,38993.056,37413.192,984,879,1130
bad,1283.8,21.37,1295,21.714,1298,0.015,928,4,850,5.34,0.089,0.089,38169.408,39045.14,37361.108,979,879,1129
bad,1285.3,22.585,1295,22.748,1299,0.016,924,5,850,5.34,0.089,0.089,38195.988,38888.888,37500,973,876,1126
ok,1286,20.535,1295,20.68,1299,0.019,917,4,850,5.34,0.089,0.089,38173.74,38819.444,37621.528,964,873,1123
bad,1286.6,15.42,1295,15.51,1300,0.02,913,3,850,5.34,0.089,0.089,38152.188,39218.752,37256.944,961,871,1118
bad,1286.4,20.52,1295,20.68,1300,0.018,915,5,850,5.34,0.089,0.089,38143.372,39097.22,37256.944,963,872,1119
bad,1284.9,20.575,1295,20.68,1300,0.011,917,4,850,5.28,0.089,0.088,38185.228,38802.08,37569.444,970,875,1138
bad,1283.1,22.55,1295,22.748,1300,0.004,919,5,850,5.22,0.088,0.086,38174.824,38819.444,37500,975,874,1145
bad,1281.5,16.365,1295,16.544,1298,0,928,6,850,5.22,0.088,0.086,38150.096,38993.056,37413.192,984,877,1151
ok,1281.6,21.465,1295,21.714,1299,0.004,907,4,850,5.28,0.088,0.088,38128.58,39079.86,37239.58,953,867,1131
bad,1281.9,16.465,1295,16.544,1299,0.007,903,7,850,5.34,0.089,0.087,38120.836,39045.14,37239.58,948,866,1127
ok,1283.4,16.485,1295,16.544,1300,0.016,895,5,850,5.22,0.087,0.087,38152.296,38993.056,37361.108,939,863,1112
